Business Name,Address,Category,Google Maps Link,Website,Email,Phone Number,Rating,Number of Reviews
Prism Digital,"Latifa Tower, Office No. 604 - West Wing World Trade Center - 1 شارع الشيخ زايد",وكالة تسويق,https://www.google.com/maps/place/Prism+Digital/data=!4m7!3m6!1s0x3e5f6becb9f676ed:0xd45a302f703b789a!8m2!3d25.2216463!4d55.2811041!16s%2Fg%2F1tfpy9zf!19sChIJ7Xb2uexrXz4Rmng7cC8wWtQ?authuser=0&hl=ar&rclk=1,https://www.prism-me.com/,info@prism-me.com,+971 4 332 0808,4.6,164
Legend1st Digital Marketing Agency in Dubai - Social Media Marketing & SEO Services,"Office No. 402, Crystal Tower",وكالة تسويق,https://www.google.com/maps/place/Legend1st+Digital+Marketing+Agency+in+Dubai+-+Social+Media+Marketing+%26+SEO+Services/data=!4m7!3m6!1s0x3e5f5dfa290b24b7:0x699ee58c26747a4c!8m2!3d25.1941491!4d55.2892304!16s%2Fg%2F11j7kc61t0!19sChIJtyQLKfpdXz4RTHp0Jozlnmk?authuser=0&hl=ar&rclk=1,https://legend1st.com/,info@legend1st.com,+971 55 701 5031,4.9,443
Volga Tigris,Business Venue Building - 117 1st floor,وكالة تسويق,https://www.google.com/maps/place/Volga+Tigris/data=!4m7!3m6!1s0x3e5f5ded50e9cac9:0xd210a6a0c54a790d!8m2!3d25.2417773!4d55.3097268!16s%2Fg%2F11j1fdk69r!19sChIJycrpUO1dXz4RDXlKxaCmENI?authuser=0&hl=ar&rclk=1,https://www.volgatigris.com/?utm_source=gmb&utm_medium=organic&utm_campaign=gmbdubai,mathew.v@volgatigris.com,+971 4 358 7311,4.8,323
EDS FZE,"Office 211, Palace Towers",وكالة تسويق,https://www.google.com/maps/place/EDS+FZE/data=!4m7!3m6!1s0x3e5f6474729d64c9:0x40d571b68a2e451!8m2!3d25.1161482!4d55.3901958!16s%2Fg%2F11bt_nwgh_!19sChIJyWSdcnRkXz4RUeSiaBtXDQQ?authuser=0&hl=ar&rclk=1,https://eds.ae/,,+971 4 519 3444,4.5,239
Digital Vertise,+971 50 520 7369,وكالة تسويق,https://www.google.com/maps/place/Digital+Vertise/data=!4m7!3m6!1s0x3e5f69244ab27c95:0x831af05a94611c68!8m2!3d25.1881602!4d55.2716388!16s%2Fg%2F11mpjwgh5r!19sChIJlXyySiRpXz4RaBxhlFrwGoM?authuser=0&hl=ar&rclk=1,http://www.digitalvertise.com/,info@digitalvertise.com,+971 50 520 7369,5.0,52
ENH Media - Digital Marketing Agency in Dubai UAE | Social Media | التسويق الرقمي دبي,Office No. 207 Arcade Building Office No. 207,وكالة تسويق,https://www.google.com/maps/place/ENH+Media+-+Digital+Marketing+Agency+in+Dubai+UAE+%7C+Social+Media+%7C+%D8%A7%D9%84%D8%AA%D8%B3%D9%88%D9%8A%D9%82+%D8%A7%D9%84%D8%B1%D9%82%D9%85%D9%8A+%D8%AF%D8%A8%D9%8A%E2%80%AD/data=!4m7!3m6!1s0x3e5f5c398c2ab955:0x5b074f4957bdb1cc!8m2!3d25.2500591!4d55.3394202!16s%2Fg%2F1tj6s9bf!19sChIJVbkqjDlcXz4RzLG9V0lPB1s?authuser=0&hl=ar&rclk=1,https://enhmedia.com/,info@enhmedia.com,+971 4 239 0828,4.9,47
"7G Media - Creative Digital Marketing Agency in Dubai, UAE",The Citadel,وكالة تسويق,"https://www.google.com/maps/place/7G+Media+-+Creative+Digital+Marketing+Agency+in+Dubai,+UAE/data=!4m7!3m6!1s0x3e5f69d038eaaa81:0x398dd778decb3348!8m2!3d25.1838806!4d55.2608682!16s%2Fg%2F1ptyqns6v!19sChIJgarqONBpXz4RSDPL3njXjTk?authuser=0&hl=ar&rclk=1",http://www.7gmedia.com/,Asset-6@2x.png,+971 4 449 5427,4.5,36
Wisoft Solutions - SEO & Digital Marketing Agency in Dubai,"The Curve - Building, Office M - 38 شارع الشيخ زايد",وكالة تسويق,https://www.google.com/maps/place/Wisoft+Solutions+-+SEO+%26+Digital+Marketing+Agency+in+Dubai/data=!4m7!3m6!1s0x3e5f5db2434b5493:0xefb7be405139d168!8m2!3d25.1628765!4d55.2353166!16s%2Fg%2F11bbwnyjws!19sChIJk1RLQ7JdXz4RaNE5UUC-t-8?authuser=0&hl=ar&rclk=1,https://www.wisoftsolutions.com/?utm_source=GMB&utm_medium=organic&utm_campaign=gmb_traffic,contact@wisoftsolutions.com,+971 4 321 0710,4.8,57
Aspiration Worx | SEO Company Dubai | Digital Marketing Agency Dubai | E-commerce Agency | كشركة لتحسين محركات البحث في دبي‎,"Dubai Silicon Oasis G-107D, Techno Hub - 1",خدمة التسويق عبر الإنترنت,https://www.google.com/maps/place/Aspiration+Worx+%7C+SEO+Company+Dubai+%7C+Digital+Marketing+Agency+Dubai+%7C+E-commerce+Agency+%7C+%D9%83%D8%B4%D8%B1%D9%83%D8%A9+%D9%84%D8%AA%D8%AD%D8%B3%D9%8A%D9%86+%D9%85%D8%AD%D8%B1%D9%83%D8%A7%D8%AA+%D8%A7%D9%84%D8%A8%D8%AD%D8%AB+%D9%81%D9%8A+%D8%AF%D8%A8%D9%8A%E2%80%8E%E2%80%AD/data=!4m7!3m6!1s0x3e5f643f14061a9d:0xacccdf3dcef12275!8m2!3d25.121993!4d55.3769348!16s%2Fg%2F11f4pkx_sn!19sChIJnRoGFD9kXz4RdSLxzj3fzKw?authuser=0&hl=ar&rclk=1,https://www.aspirationworx.com/,contact@aspirationworx.com,+971 52 422 9942,4.8,64
Donut Media | F&B Restaurant Marketing Agency,Dubai Digital Park Office 3018 - Floor 3 - A5 Building,وكالة تسويق,https://www.google.com/maps/place/Donut+Media+%7C+F%26B+Restaurant+Marketing+Agency/data=!4m7!3m6!1s0x3e5f65235f3a4b67:0xdaeb7800c5c3dce8!8m2!3d25.1203209!4d55.3772806!16s%2Fg%2F11llwsynb0!19sChIJZ0s6XyNlXz4R6NzDxQB469o?authuser=0&hl=ar&rclk=1,http://poweredbydonut.com/,,+971 58 587 2250,5.0,42
United SEO Dubai,"BB2, Mazaya Business Avenue - 1207",خدمة التسويق عبر الإنترنت,https://www.google.com/maps/place/United+SEO+Dubai/data=!4m7!3m6!1s0x3e5f6ca73e9134b5:0x279ae8d8d63a71a5!8m2!3d25.0691382!4d55.146576!16s%2Fg%2F11bbwpg_gp!19sChIJtTSRPqdsXz4RpXE61tjomic?authuser=0&hl=ar&rclk=1,https://www.unitedseo.ae/,info@useo.ae,+971 4 442 6518,4.8,470
Mighty Warner: Best Digital Marketing Company In Dubai,The Burlington Tower - Office #816 - 8th Floor - مراسي درايف,وكالة تسويق,https://www.google.com/maps/place/Mighty+Warner:+Best+Digital+Marketing+Company+In+Dubai/data=!4m7!3m6!1s0x3e5f69d229e07575:0xfcdbefed68ed67b7!8m2!3d25.185003!4d55.2645268!16s%2Fg%2F11f3y1z52w!19sChIJdXXgKdJpXz4Rt2ftaO3v2_w?authuser=0&hl=ar&rclk=1,https://www.mightywarner.ae/,,+971 54 586 4310,4.3,235
Si3 Digital Marketing Agency Dubai,Opal Tower - 701 705,وكالة تسويق,https://www.google.com/maps/place/Si3+Digital+Marketing+Agency+Dubai/data=!4m7!3m6!1s0x3e5f68321e4fa841:0xc086926549a2e7d3!8m2!3d25.1853578!4d55.2755314!16s%2Fg%2F11ddxp9hpm!19sChIJQahPHjJoXz4R0-eiSWWShsA?authuser=0&hl=ar&rclk=1,https://www.si3.ae/?utm_source=google_profile&utm_campaign=localo&utm_medium=mainlink,info@si3.ae,+971 4 427 3715,4.8,34
Above Digital,"Downtown Dubai Office 1617, 48 Burjgate Office tower - next to Sofitel Downtown",وكالة تسويق,https://www.google.com/maps/place/Above+Digital/data=!4m7!3m6!1s0x3e5f68295b6598d3:0x74d9b416efe9be43!8m2!3d25.2002067!4d55.2689525!16s%2Fg%2F12q4r4gt3!19sChIJ05hlWyloXz4RQ77p7xa02XQ?authuser=0&hl=ar&rclk=1,https://www.abovedigital.com/,,+971 4 321 2824,4.9,38
Meta Social FZ LLC | Performance Marketing Agency In Dubai,HD 21 In5 media,وكالة تسويق,https://www.google.com/maps/place/Meta+Social+FZ+LLC+%7C+Performance+Marketing+Agency+In+Dubai/data=!4m7!3m6!1s0x3e5f6bf813abbe9b:0xba41f0896b3b0950!8m2!3d25.0961678!4d55.1576416!16s%2Fg%2F11sbv7sh6v!19sChIJm76rE_hrXz4RUAk7a4nwQbo?authuser=0&hl=ar&rclk=1,http://metasocial.ae/,eishvak@metasocial.ae,+971 52 278 2047,4.9,30
Glimpse Digital Marketing and Social Media Agency,Publishing Pavilion Bldg - Unit 709,وكالة تسويق,https://www.google.com/maps/place/Glimpse+Digital+Marketing+and+Social+Media+Agency/data=!4m7!3m6!1s0x3e5f6d9f565cecff:0x28af61e5d7cf0b0d!8m2!3d25.0367204!4d55.1908277!16s%2Fg%2F11f12705qy!19sChIJ_-xcVp9tXz4RDQvP1-Vhryg?authuser=0&hl=ar&rclk=1,https://www.theglimpseproject.com/,001_Debie_pfp@2x.png,+971 4 565 5290,4.9,27
Yardstick Marketing Management,+971 4 351 8584,وكالة تسويق,https://www.google.com/maps/place/Yardstick+Marketing+Management/data=!4m7!3m6!1s0x3e5f43f7748a258d:0xe3521342d224c461!8m2!3d25.2181021!4d55.2787523!16s%2Fg%2F11f5vg64n0!19sChIJjSWKdPdDXz4RYcQk0kITUuM?authuser=0&hl=ar&rclk=1,http://www.yardstick-marketing.com/,,+971 4 351 8584,4.9,215
Clicktap Digital Technologies,"Tower, The Prism - Office 1010 - Al Khaleej Al Tejari 1 St",وكالة تسويق,https://www.google.com/maps/place/Clicktap+Digital+Technologies/data=!4m7!3m6!1s0x3e5f69d097e4d24d:0x8e6efd668fcec9bf!8m2!3d25.1867999!4d55.261373!16s%2Fg%2F11f_d04f2n!19sChIJTdLkl9BpXz4Rv8nOj2b9bo4?authuser=0&hl=ar&rclk=1,https://www.clicktap.ae/,,+971 4 587 6933,4.9,49
Dreamize,"Suite 1206, Bay View Tower - 12th Floor",وكالة تسويق,https://www.google.com/maps/place/Dreamize/data=!4m7!3m6!1s0x3e5f69cfe4d1fab7:0x47f5894b8cbfee9e!8m2!3d25.181476!4d55.2700473!16s%2Fg%2F11h5m5yfl3!19sChIJt_rR5M9pXz4Rnu6_jEuJ9Uc?authuser=0&hl=ar&rclk=1,http://www.dreamizegroup.com/,,+971 4 576 3914,4.7,84
Kingsmen Agency,Churchill Residence - 1 Office 2114,وكالة تسويق,https://www.google.com/maps/place/Kingsmen+Agency/data=!4m7!3m6!1s0x3e5f691f7f045029:0x808d8e3cc52c1558!8m2!3d25.1808281!4d55.2631375!16s%2Fg%2F11hzwd1xpq!19sChIJKVAEfx9pXz4RWBUsxTyOjYA?authuser=0&hl=ar&rclk=1,https://kingsmenagency.com/,Asset-2@8x-2048x269-1.png,+971 55 902 2343,4.5,42
"Betasaurus Global | Marketing Agency Dubai, UAE",+1 517-901-3579,وكالة تسويق,"https://www.google.com/maps/place/Betasaurus+Global+%7C+Marketing+Agency+Dubai,+UAE/data=!4m7!3m6!1s0x3e5f433948e29967:0xe90424acee187a2a!8m2!3d25.2123124!4d55.2748222!16s%2Fg%2F11ssx_p8g3!19sChIJZ5niSDlDXz4RKnoY7qwkBOk?authuser=0&hl=ar&rclk=1",https://betasaurusglobal.com/,hello@betasaurusglobal.com,+1 517-901-3579,4.9,9
Dreamize,"Suite 1206, Bay View Tower - 12th Floor",وكالة تسويق,https://www.google.com/maps/place/Dreamize/data=!4m7!3m6!1s0x3e5f69cfe4d1fab7:0x47f5894b8cbfee9e!8m2!3d25.181476!4d55.2700473!16s%2Fg%2F11h5m5yfl3!19sChIJt_rR5M9pXz4Rnu6_jEuJ9Uc?authuser=0&hl=ar&rclk=1,http://www.dreamizegroup.com/,,+971 4 576 3914,4.7,84
Zenerom Digital Marketing Agency in Dubai | Branding | SEO Services | Social Media | Performance Marketing,+971 56 399 6631,وكالة تسويق,https://www.google.com/maps/place/Zenerom+Digital+Marketing+Agency+in+Dubai+%7C+Branding+%7C+SEO+Services+%7C+Social+Media+%7C+Performance+Marketing/data=!4m7!3m6!1s0x3e5f435954cb1f17:0x17806fb757f521f5!8m2!3d25.2090663!4d55.2725411!16s%2Fg%2F11kqmzfzs2!19sChIJFx_LVFlDXz4R9SH1V7dvgBc?authuser=0&hl=ar&rclk=1,https://zenerom.ae/,,+971 56 399 6631,5.0,64
Mighty Warner: Best Digital Marketing Company In Dubai,The Burlington Tower - Office #816 - 8th Floor - مراسي درايف,وكالة تسويق,https://www.google.com/maps/place/Mighty+Warner:+Best+Digital+Marketing+Company+In+Dubai/data=!4m7!3m6!1s0x3e5f69d229e07575:0xfcdbefed68ed67b7!8m2!3d25.185003!4d55.2645268!16s%2Fg%2F11f3y1z52w!19sChIJdXXgKdJpXz4Rt2ftaO3v2_w?authuser=0&hl=ar&rclk=1,https://www.mightywarner.ae/,,+971 54 586 4310,4.3,235
Yardstick Marketing Management,+971 4 351 8584,وكالة تسويق,https://www.google.com/maps/place/Yardstick+Marketing+Management/data=!4m7!3m6!1s0x3e5f43f7748a258d:0xe3521342d224c461!8m2!3d25.2181021!4d55.2787523!16s%2Fg%2F11f5vg64n0!19sChIJjSWKdPdDXz4RYcQk0kITUuM?authuser=0&hl=ar&rclk=1,http://www.yardstick-marketing.com/,,+971 4 351 8584,4.9,215
Kayaar | Digital Marketing & SEO Consultant Dubai,Prime Tower,خدمة التسويق عبر الإنترنت,https://www.google.com/maps/place/Kayaar+%7C+Digital+Marketing+%26+SEO+Consultant+Dubai/data=!4m7!3m6!1s0x3e5f69bf233a8f43:0x1b5db776cd1171cd!8m2!3d25.1884299!4d55.2716063!16s%2Fg%2F11qbrlwfmw!19sChIJQ486I79pXz4RzXERzXa3XRs?authuser=0&hl=ar&rclk=1,https://www.kayaar.com/,kashif.rehmat@gmail.com,+971 50 957 8933,5.0,16
Digital Arabia,+971 58 581 9677,خدمة التسويق عبر الإنترنت,https://www.google.com/maps/place/Digital+Arabia/data=!4m7!3m6!1s0x3e5f43008d0e444b:0x1eb206bb6c69bdfd!8m2!3d25.2089939!4d55.2725235!16s%2Fg%2F11g0hztd6g!19sChIJS0QOjQBDXz4R_b1pbLsGsh4?authuser=0&hl=ar&rclk=1,https://www.digitalarabia.ae/,,+971 58 581 9677,5.0,41
SERP Triumph | Best Digital Marketing Agency In Dubai,"Downtown - Sheikh Mohammed bin Rashid Blvd , Emaar Square - Boulevard Plaza, Tower 2 Level 23",وكالة تسويق,https://www.google.com/maps/place/SERP+Triumph+%7C+Best+Digital+Marketing+Agency+In+Dubai/data=!4m7!3m6!1s0x2a148790659ddc39:0xf64a37b50ea352c8!8m2!3d25.1998747!4d55.2738715!16s%2Fg%2F11wc1vx8vr!19sChIJOdydZZCHFCoRyFKjDrU3SvY?authuser=0&hl=ar&rclk=1,https://serptriumph.ae/,info@serptriumph.ae,+971 52 167 2222,4.9,30
VOUS Agency,The Regal Tower - 1202 Alsa'ada street,وكالة تسويق,https://www.google.com/maps/place/VOUS+Agency/data=!4m7!3m6!1s0x3e5f690af6004971:0x699aa9af121c5752!8m2!3d25.1867494!4d55.2607567!16s%2Fg%2F11fpkx1x3r!19sChIJcUkA9gppXz4RUlccEq-pmmk?authuser=0&hl=ar&rclk=1,https://vousagency.com/,,+971 4 580 3378,4.7,18
Momentum Marketing and Events,"building, Empire Heights - 605, Tower A",وكالة تسويق,https://www.google.com/maps/place/Momentum+Marketing+and+Events/data=!4m7!3m6!1s0x3e5f6918b1bcc291:0x2e206da0a091a6f2!8m2!3d25.1919108!4d55.2844598!16s%2Fg%2F11fqcvt3r6!19sChIJkcK8sRhpXz4R8qaRoKBtIC4?authuser=0&hl=ar&rclk=1,http://www.mmc-ae.com/,,+971 4 569 3033,4.9,49
Upscale Media | F&B Restaurant Marketing Agency Dubai,+971 58 558 0841,وكالة تسويق,https://www.google.com/maps/place/Upscale+Media+%7C+F%26B+Restaurant+Marketing+Agency+Dubai/data=!4m7!3m6!1s0x3e5f69b4976cca5d:0x236c1bb9dbb5dc96!8m2!3d25.2264024!4d55.2843986!16s%2Fg%2F11hzv0bc7z!19sChIJXcpsl7RpXz4Rlty127kbbCM?authuser=0&hl=ar&rclk=1,https://www.upscalemedia.ae/,rohael@upscalemedia.ae,+971 58 558 0841,5.0,30
Zelta Media,"In5 Design District, D3",وكالة تسويق,https://www.google.com/maps/place/Zelta+Media/data=!4m7!3m6!1s0x3e5f5d81f011b947:0xcd1980247c17a6e!8m2!3d25.1845599!4d55.2985119!16s%2Fg%2F11g19v5sv5!19sChIJR7kR8IFdXz4RbnrBRwKY0Qw?authuser=0&hl=ar&rclk=1,https://zeltamedia.com/,hello@zeltamedia.com,+971 54 565 5008,4.9,51
GLMA Agency,Sama Tower - Office 201 2nd Floor - شارع الشيخ زايد,وكالة تسويق,https://www.google.com/maps/place/GLMA+Agency/data=!4m7!3m6!1s0x3e5f69d210a3af29:0x8e75ca9b312e8f68!8m2!3d25.2283102!4d55.2856829!16s%2Fg%2F11fkczhtm4!19sChIJKa-jENJpXz4RaI8uMZvKdY4?authuser=0&hl=ar&rclk=1,https://www.glmaagency.com/,info@glmaagency.com,+971 50 235 9358,4.9,35
Leads Dubai,"Digital Park - Office no : G001, Building A5 , Dtec",وكالة تسويق,https://www.google.com/maps/place/Leads+Dubai/data=!4m7!3m6!1s0x3e5f643f4db167a7:0x96f869c3ed3308ec!8m2!3d25.1200215!4d55.3780296!16s%2Fg%2F11b6h_dvs5!19sChIJp2exTT9kXz4R7Agz7cNp-JY?authuser=0&hl=ar&rclk=1,https://www.leadsdubai.com/,,+971 50 304 7470,3.6,105
"DigiExpo SEO Services in Dubai, Digital Marketing Agency in Dubai",Ontario Tower - Office no 1801 - 18th Floor,وكالة تسويق,"https://www.google.com/maps/place/DigiExpo+SEO+Services+in+Dubai,+Digital+Marketing+Agency+in+Dubai/data=!4m7!3m6!1s0x3e5f69e0f1922a65:0x3f6348bbb8cf1b7b!8m2!3d25.1854433!4d55.2618246!16s%2Fg%2F11vr5n2xm8!19sChIJZSqS8eBpXz4RexvPuLtIYz8?authuser=0&hl=ar&rclk=1",https://digiexpo.ae/,Info@digiexpo.ae,+971 55 262 6943,4.9,13
Into All Marketing Solutions,"Churchill Executive Towers, Office 2212",وكالة تسويق,https://www.google.com/maps/place/Into+All+Marketing+Solutions/data=!4m7!3m6!1s0x3e5f69cb54f198a3:0x3d735471d600ff1d!8m2!3d25.1808236!4d55.2629261!16s%2Fg%2F11crydjb9f!19sChIJo5jxVMtpXz4RHf8A1nFUcz0?authuser=0&hl=ar&rclk=1,http://into-all.com/,info@into-all.com,+971 4 421 1568,5.0,33
Kingsmen Agency,Churchill Residence - 1 Office 2114,وكالة تسويق,https://www.google.com/maps/place/Kingsmen+Agency/data=!4m7!3m6!1s0x3e5f691f7f045029:0x808d8e3cc52c1558!8m2!3d25.1808281!4d55.2631375!16s%2Fg%2F11hzwd1xpq!19sChIJKVAEfx9pXz4RWBUsxTyOjYA?authuser=0&hl=ar&rclk=1,https://kingsmenagency.com/,Asset-2@8x-2048x269-1.png,+971 55 902 2343,4.5,42
Amplify Marketing Agency Dubai,Cluster N,وكالة تسويق,https://www.google.com/maps/place/Amplify+Marketing+Agency+Dubai/data=!4m7!3m6!1s0x3e5f6d08315eb8a7:0xe57bc1558e074c94!8m2!3d25.0626488!4d55.138414!16s%2Fg%2F11clydgjl4!19sChIJp7heMQhtXz4RlEwHjlXBe-U?authuser=0&hl=ar&rclk=1,https://amplifydubai.com/,,+971 4 234 3498,4.8,28
Coopiq Digital LLC,Al Moosa Tower 2 - Office No. 25 شارع الشيخ زايد,وكالة تسويق,https://www.google.com/maps/place/Coopiq+Digital+LLC/data=!4m7!3m6!1s0x3e5f43bf3c9f351d:0x5ec0bbce6e20e365!8m2!3d25.2164686!4d55.2777096!16s%2Fg%2F11s3r2ss4_!19sChIJHTWfPL9DXz4RZeMgbs67wF4?authuser=0&hl=ar&rclk=1,https://coopiqdigital.com/,contact@coopiqdigital.com,+971 52 921 6476,5.0,50
Vybinex Marketing Agency,Sbk real estate - Al durrah no.4 - near GGICO metro station,وكالة تسويق,https://www.google.com/maps/place/Vybinex+Marketing+Agency/data=!4m7!3m6!1s0x3e5f5d93bda7eb33:0x9273d4539d6071ad!8m2!3d25.2502218!4d55.3398089!16s%2Fg%2F11m7bl64wf!19sChIJM-unvZNdXz4RrXFgnVPUc5I?authuser=0&hl=ar&rclk=1,https://www.vybinex.com/,info@vybinex.com,+971 56 813 2972,5.0,44
Scarlet Media,Churchill Towers 5402,وكالة تسويق,https://www.google.com/maps/place/Scarlet+Media/data=!4m7!3m6!1s0x3e5f43ae0cad1e19:0xd8558921e574d253!8m2!3d25.1812821!4d55.2621664!16s%2Fg%2F11fgknxv0b!19sChIJGR6tDK5DXz4RU9J05SGJVdg?authuser=0&hl=ar&rclk=1,http://www.scarletmedia.net/,,+971 52 699 8809,4.9,65
SMS Marketing Agency Dubai,Office no:503 Al-Attar Business Tower - شارع الشيخ زايد,وكالة تسويق,https://www.google.com/maps/place/SMS+Marketing+Agency+Dubai/data=!4m7!3m6!1s0x3e5f428e9e9af959:0x1cf47148e7ddaa62!8m2!3d25.2117408!4d55.2746347!16s%2Fg%2F11hcj2qghp!19sChIJWfmano5CXz4RYqrd50hx9Bw?authuser=0&hl=ar&rclk=1,https://www.futuretechnologies.ae/,sales@futuretechnologies.ae,+971 58 545 6007,4.8,32
GCC Marketing,"Ambitious Business Center, Rashid Al Makhawi Building - Office 11, M Floor - شارع ام هرير",وكالة تسويق,https://www.google.com/maps/place/GCC+Marketing/data=!4m7!3m6!1s0x3e5f69c31f503531:0xfe1fdff8af16126b!8m2!3d25.2430103!4d55.3110439!16s%2Fg%2F11g0dv956y!19sChIJMTVQH8NpXz4RaxIWr_jfH_4?authuser=0&hl=ar&rclk=1,https://www.gcc-marketing.com/,,+971 56 730 0683,4.7,73
DSC - SEO Company Dubai | Digital Marketing Agency in Dubai,"Building, Clover Bay Tower - Office No. 1211/B, Level 12",خدمة التسويق عبر الإنترنت,https://www.google.com/maps/place/DSC+-+SEO+Company+Dubai+%7C+Digital+Marketing+Agency+in+Dubai/data=!4m7!3m6!1s0xa1021e1d24b921d5:0x5e6ff70e88fd2f13!8m2!3d25.188858!4d55.2696918!16s%2Fg%2F11tfp0hbsr!19sChIJ1SG5JB0eAqEREy_9iA73b14?authuser=0&hl=ar&rclk=1,https://www.dubaiseocompany.ae/,,+971 58 594 0052,5.0,61
IBA Advertising Dubai,"Office 804 Park Avenue Tower, Silicon Boulevard",وكالة تسويق,https://www.google.com/maps/place/IBA+Advertising+Dubai/data=!4m7!3m6!1s0x3e5f67642b67e4cb:0xb462eeffafecb2ab!8m2!3d25.1118365!4d55.3836265!16s%2Fg%2F11gzytltn!19sChIJy-RnK2RnXz4Rq7Lsr__uYrQ?authuser=0&hl=ar&rclk=1,https://i-iba.com/,info@i-iba.com,+971 54 380 6000,4.8,38
Clicktap Digital Technologies,"Tower, The Prism - Office 1010 - Al Khaleej Al Tejari 1 St",وكالة تسويق,https://www.google.com/maps/place/Clicktap+Digital+Technologies/data=!4m7!3m6!1s0x3e5f69d097e4d24d:0x8e6efd668fcec9bf!8m2!3d25.1867999!4d55.261373!16s%2Fg%2F11f_d04f2n!19sChIJTdLkl9BpXz4Rv8nOj2b9bo4?authuser=0&hl=ar&rclk=1,https://www.clicktap.ae/,,+971 4 587 6933,4.9,49
W3Torch Digital Agency,"Office #303, Al Rafa Building - شارع الرفاعة",وكالة تسويق,https://www.google.com/maps/place/W3Torch+Digital+Agency/data=!4m7!3m6!1s0x55998f51141b9f:0x9daaf746a65c812f!8m2!3d25.2602812!4d55.2899181!16s%2Fg%2F11kbwyp28d!19sChIJnxsUUY-ZVQARL4Fcpkb3qp0?authuser=0&hl=ar&rclk=1,https://w3torch.com/,,+971 50 580 3735,5.0,39
Glimpse Digital Marketing and Social Media Agency,Publishing Pavilion Bldg - Unit 709,وكالة تسويق,https://www.google.com/maps/place/Glimpse+Digital+Marketing+and+Social+Media+Agency/data=!4m7!3m6!1s0x3e5f6d9f565cecff:0x28af61e5d7cf0b0d!8m2!3d25.0367204!4d55.1908277!16s%2Fg%2F11f12705qy!19sChIJ_-xcVp9tXz4RDQvP1-Vhryg?authuser=0&hl=ar&rclk=1,https://www.theglimpseproject.com/,001_Debie_pfp@2x.png,+971 4 565 5290,4.9,27
Be Unique Group,"Marina Plaza - Al Marsa Street, 32nd Floor",وكالة تسويق,https://www.google.com/maps/place/Be+Unique+Group/data=!4m7!3m6!1s0x3e5f6cac6b9b2055:0xd5e54c91aee42a82!8m2!3d25.0753976!4d55.1398252!16s%2Fg%2F12vtd5drc!19sChIJVSCba6xsXz4RgirkrpFM5dU?authuser=0&hl=ar&rclk=1,http://www.beuniquegroup.com/,hello@beuniquegroup.com,+971 4 834 7391,4.4,130
SEO Sherpa,"407, Office Park Building, Block E",خدمة التسويق عبر الإنترنت,https://www.google.com/maps/place/SEO+Sherpa/data=!4m7!3m6!1s0x3e5f14aa69f34fff:0x663b9d45750a3eb9!8m2!3d25.1058427!4d55.1689764!16s%2Fg%2F12hn2b1vq!19sChIJ_0_zaaoUXz4RuT4KdUWdO2Y?authuser=0&hl=ar&rclk=1,https://seosherpa.com/locations/dubai/?utm_source=gmb&utm_medium=organic,,+971 4 443 2286,4.8,168
BeOnTop,"Office #701, Fortune Executive - Cluster T",خدمة التسويق عبر الإنترنت,https://www.google.com/maps/place/BeOnTop/data=!4m7!3m6!1s0x3e5f6ca747ef3195:0x9d5426da03d7fe73!8m2!3d25.0790884!4d55.1493917!16s%2Fg%2F11b782rw8j!19sChIJlTHvR6dsXz4Rc_7XA9omVJ0?authuser=0&hl=ar&rclk=1,https://www.beontop.ae/,info@beontop.ae,+971 4 554 7316,4.4,86
Pentagon SEO,+971 4 278 5122,خدمة التسويق عبر الإنترنت,https://www.google.com/maps/place/Pentagon+SEO/data=!4m7!3m6!1s0x3e5f6d8efc05c531:0x2accd63c718abb38!8m2!3d25.0753976!4d55.1398252!16s%2Fg%2F11gs96hj_9!19sChIJMcUF_I5tXz4ROLuKcTzWzCo?authuser=0&hl=ar&rclk=1,https://www.pentamedia.ae/,info@pentame.com,+971 4 278 5122,4.9,147
Scratch Advertising & Communication FZ LLC,Dubai Media City Building 8,وكالة إعلانية,https://www.google.com/maps/place/Scratch+Advertising+%26+Communication+FZ+LLC/data=!4m7!3m6!1s0x3e5f6b424df970f9:0xa3b2890d8c0337ab!8m2!3d25.0958421!4d55.1569425!16s%2Fg%2F11h1r3qw2!19sChIJ-XD5TUJrXz4RqzcDjA2JsqM?authuser=0&hl=ar&rclk=1,http://www.scratchcom.com/,,+971 4 368 9545,4.9,38
Panamedia - Creative Digital Marketing Agency in Dubai,Gold Crest Executive - 1707 Cluster C,وكالة تسويق,https://www.google.com/maps/place/Panamedia+-+Creative+Digital+Marketing+Agency+in+Dubai/data=!4m7!3m6!1s0x3e5f6d07946da1fd:0x66d46f8b788744ef!8m2!3d25.068834!4d55.139739!16s%2Fg%2F11l3cd006g!19sChIJ_aFtlAdtXz4R70SHeItv1GY?authuser=0&hl=ar&rclk=1,https://panamedia.me/,Artboard-1@11x-2.png,+971 55 414 3539,4.7,31
Commercle Marketing Agency Dubai,Tamani Arts Offices 1402,وكالة تسويق,https://www.google.com/maps/place/Commercle+Marketing+Agency+Dubai/data=!4m7!3m6!1s0x3e5f69738066fcdf:0xe8445c20bfa7e930!8m2!3d25.186973!4d55.2808934!16s%2Fg%2F11kblcwx2d!19sChIJ3_xmgHNpXz4RMOmnvyBcROg?authuser=0&hl=ar&rclk=1,https://www.commercle.com/,support@commercle.com,+971 4 529 9095,4.8,26
ULEGENDARY DIGITAL,Al Safeena Street,وكالة تسويق,https://www.google.com/maps/place/ULEGENDARY+DIGITAL/data=!4m7!3m6!1s0x3e5f4305eddfaeb5:0x4a0f64340475d412!8m2!3d25.1720555!4d55.2432061!16s%2Fg%2F11rc8kytxc!19sChIJta7f7QVDXz4REtR1BDRkD0o?authuser=0&hl=ar&rclk=1,http://www.ulegendary.com/,info@ulegendary.com,+971 55 411 8178,4.4,185
